iteration,train_mse
0,0.7251314725937392
1,0.6134024281450052
2,0.613402428145005
